[
  {
    "field1": "Block 1",
    "SR": "",
    "Employee Name": "Shriraj Bhujbal",
    "Role": "Animation",
    "Sequence": "",
    "Seat No": "",
    "Monitor make": "LG",
    "Monitor Serial No": "312NTNHC3V799 & 401NTNHC2831",
    "Keyboard make": "Zebronics (Wired)",
    "KB Serial No": "ZAH162V08137",
    "Mouse make": "HP (Wired)",
    "Mouse Serial No": "B1M270240701957",
    "UPS make": "Artis",
    "UPS Serial No": "Vp082422686AR",
    "CPU Box": "ANT Esports",
    "CPU Serial No": "AEICE30APCB03240468",
    "Processor": "13 Gen Intel(R) core(TM) i5-13400R (2.5 Ghz)",
    "GPU": "4 GB 1650 Geforce RTX",
    "RAM": "32 4800 MHz",
    "HDD": "1 TB SSD",
    "Pen Tab": "N/A",
    "Serial No": "MBR-XB-450",
    "HeadPhone": "Sony Blue (Wired)",
    "Remark": "System Up to Date",
    "serialNumber": "AEICE30APCB03240468"
  },
  {
    "field1": "",
    "SR": "",
    "Employee Name": "Sanket Bhilare",
    "Role": "Animation",
    "Sequence": "",
    "Seat No": "",
    "Monitor make": "Acer & MSI",
    "Monitor Serial No": "MMTDNS100542602CB4250 & MMTNHSS001439070443W01",
    "Keyboard make": "Ant Esports (Wired)",
    "KB Serial No": "MK1000",
    "Mouse make": "HP (Wired)",
    "Mouse Serial No": "B1M270231101661",
    "UPS make": "Artis",
    "UPS Serial No": "VP042412188AR",
    "CPU Box": "ANT Esports",
    "CPU Serial No": "AE1CE130APCB03240950",
    "Processor": "14 Gen Intel(R) core(TM) i5-14400F (2.5 Ghz)",
    "GPU": "4 GB 1650 Geforce RTX",
    "RAM": "32 4800 MHz",
    "HDD": "1 TB SSD",
    "Pen Tab": "N/A",
    "Serial No": "N/A",
    "HeadPhone": "Sony (Wired)",
    "Remark": "System Up to Date",
    "serialNumber": "AE1CE130APCB03240950"
  },
  {
    "field1": "",
    "SR": "",
    "Employee Name": "Shruti Baing",
    "Role": "Animation",
    "Sequence": "",
    "Seat No": "",
    "Monitor make": "LG",
    "Monitor Serial No": "401NTZN6N173&  MMTDNS1004343165C94246",
    "Keyboard make": "Ant Esports (Wired)",
    "KB Serial No": "AEMK34PV3B0723",
    "Mouse make": "HP (Wired)",
    "Mouse Serial No": "B1M270230900001",
    "UPS make": "Artis",
    "UPS Serial No": "VP032420795AR",
    "CPU Box": "ANT Esports",
    "CPU Serial No": "CE120APCB08230858",
    "Processor": "12 Gen Intel(R) core(TM) i5-12400F (2.5 Ghz)",
    "GPU": "4 GB 1650 Geforce RTX",
    "RAM": "32 4800 MHz",
    "HDD": "1 TB SSD",
    "Pen Tab": "XP PEN",
    "Serial No": "N/A",
    "HeadPhone": "Sony (Wired)",
    "Remark": "",
    "serialNumber": "CE120APCB08230858"
  },
  {
    "field1": "",
    "SR": "",
    "Employee Name": "Aditi Bhojraj",
    "Role": "Animation",
    "Sequence": "",
    "Seat No": "",
    "Monitor make": "Zebroincs",
    "Monitor Serial No": "ZBW16MV00171",
    "Keyboard make": "HP (Wired)",
    "KB Serial No": "B2K320240660273",
    "Mouse make": "HP (Wired)",
    "Mouse Serial No": "B1M27024700239",
    "UPS make": "Artis",
    "UPS Serial No": "VPO32513949AR",
    "CPU Box": "ANT Esports",
    "CPU Serial No": "AEE1120PCK0125001463",
    "Processor": "14 Gen Intel(R) core(TM) i5-14400 (2.5 Ghz)",
    "GPU": "128 MB Intel UHD Graphics 730",
    "RAM": "16 GB 4800 MHz",
    "HDD": "500 GB SSD",
    "Pen Tab": "N/A",
    "Serial No": "N/A",
    "HeadPhone": "Sony (Wired)",
    "Remark": "System Up to Date",
    "serialNumber": "AEE1120PCK0125001463"
  },
  {
    "field1": "",
    "SR": "",
    "Employee Name": "Rajwardhini Shinde",
    "Role": "Animation",
    "Sequence": "",
    "Seat No": "",
    "Monitor make": "LG & Acer",
    "Monitor Serial No": "402NTBKAY573",
    "Keyboard make": "HP (Wired)",
    "KB Serial No": "B2K320231000607",
    "Mouse make": "HP (Wired)",
    "Mouse Serial No": "B1M270230901991",
    "UPS make": "Artis",
    "UPS Serial No": "VP032420902AR",
    "CPU Box": "ANT Esports",
    "CPU Serial No": "AEICE120APCK01240136",
    "Processor": "13 Gen Intel(R) core(TM) i5-13400F (2.5 Ghz)",
    "GPU": "4 GB 1650 Geforce RTX",
    "RAM": "32 4800 MHz",
    "HDD": "1 TB SSD",
    "Pen Tab": "XP PEN",
    "Serial No": "MBR-XB-450",
    "HeadPhone": "Sony Blue (Wired)",
    "Remark": "System Up to Date",
    "serialNumber": "AEICE120APCK01240136"
  },
  {
    "field1": "Block 2",
    "SR": "",
    "Employee Name": "Zaki Shaikh",
    "Role": "IT",
    "Sequence": "",
    "Seat No": "",
    "Monitor make": "LG",
    "Monitor Serial No": "401NTBKC2861 & 312NTXR3v778",
    "Keyboard make": "HP (Wired)",
    "KB Serial No": "G94K00F240102097",
    "Mouse make": "ANT Esports (GM90)",
    "Mouse Serial No": "AEGM90WOGMB",
    "UPS make": "Artis",
    "UPS Serial No": "Vp052418933AR",
    "CPU Box": "ANT Esports",
    "CPU Serial No": "AEICE120APCB02240058",
    "Processor": "13 Gen Intel(R) core(TM) i5-13400F (2.5 Ghz)",
    "GPU": "4 GB 1650 Geforce RTX",
    "RAM": "32 GB 4800 MHz",
    "HDD": "1 TB SSD",
    "Pen Tab": "N/A",
    "Serial No": "ZIP-500",
    "HeadPhone": "Infinity",
    "Remark": "System Up to Date",
    "serialNumber": "AEICE120APCB02240058"
  },
  {
    "field1": "",
    "SR": "",
    "Employee Name": "Rahul Kirad",
    "Role": "IT",
    "Sequence": "",
    "Seat No": "",
    "Monitor make": "Zebroincs",
    "Monitor Serial No": "ZBW16MV00530",
    "Keyboard make": "Ant Esports (Wired)",
    "KB Serial No": "MK3400 Pro V3",
    "Mouse make": "HP (Wired)",
    "Mouse Serial No": "B1M270240301034",
    "UPS make": "Artis",
    "UPS Serial No": "VP022522159AR",
    "CPU Box": "ANT Esports",
    "CPU Serial No": "AVVM41PCK1224000945",
    "Processor": "14 Gen Intel(R) core(TM) i5-14400F (2.5 Ghz)",
    "GPU": "4 GB 1650 Geforce RTX",
    "RAM": "16 GB 4800 MHz",
    "HDD": "1 TB HHD & 500 GB SSD",
    "Pen Tab": "N/A",
    "Serial No": "GLSA1402029",
    "HeadPhone": "Boat",
    "Remark": "System Up to Date",
    "serialNumber": "AVVM41PCK1224000945"
  },
  {
    "field1": "",
    "SR": "",
    "Employee Name": "Koteshwar",
    "Role": "IT",
    "Sequence": "",
    "Seat No": "",
    "Monitor make": "Acer",
    "Monitor Serial No": "MMTFKS1001333004912400",
    "Keyboard make": "HP (Wired)",
    "KB Serial No": "G9K400F240602011",
    "Mouse make": "HP (Wired)",
    "Mouse Serial No": "B1M270240400786",
    "UPS make": "Artis",
    "UPS Serial No": "VP111916433AR",
    "CPU Box": "ANT Esports",
    "CPU Serial No": "AEE1120PCK0125000862",
    "Processor": "14 Gen Intel(R) core(TM) i5-14400 (2.5 Ghz)",
    "GPU": "128 MB Intel UHD Graphics 730",
    "RAM": "16 GB 4800 MHz",
    "HDD": "500 GB SSD",
    "Pen Tab": "N/A",
    "Serial No": "N/A",
    "HeadPhone": "Sony (Wired)",
    "Remark": "System Up to Date",
    "serialNumber": "AEE1120PCK0125000862"
  },
  {
    "field1": "",
    "SR": "",
    "Employee Name": "Manish Patil",
    "Role": "robotics",
    "Sequence": "",
    "Seat No": "",
    "Monitor make": "Acer",
    "Monitor Serial No": "MMTDNS1004343165B44246",
    "Keyboard make": "HP (Wired)",
    "KB Serial No": "B2K30231000465",
    "Mouse make": "HP (Wired)",
    "Mouse Serial No": "B1M270240700223",
    "UPS make": "Artis",
    "UPS Serial No": "VP022522158AR",
    "CPU Box": "ANT Esports",
    "CPU Serial No": "AEE1120PCK0125000859",
    "Processor": "14 Gen Intel(R) core(TM) i5-14400 (2.5 Ghz)",
    "GPU": "128 MB Intel UHD Graphics 730",
    "RAM": "16 GB 4800 MHz",
    "HDD": "500 GB SSD",
    "Pen Tab": "N/A",
    "Serial No": "DMLH1882236",
    "HeadPhone": "Boat",
    "Remark": "System Up to Date",
    "serialNumber": "AEE1120PCK0125000859"
  },
  {
    "field1": "",
    "SR": "",
    "Employee Name": "Shardul Belgamwar",
    "Role": "robotics",
    "Sequence": "",
    "Seat No": "",
    "Monitor make": "Acer",
    "Monitor Serial No": "MMTJES1002340086623w07",
    "Keyboard make": "HP (Wired)",
    "KB Serial No": "B2K320231201879",
    "Mouse make": "ARTIS Falcon",
    "Mouse Serial No": "RD062116365AR",
    "UPS make": "Artis",
    "UPS Serial No": "VP062426148AR",
    "CPU Box": "ANT Esports",
    "CPU Serial No": "AEE1120PCK0125001327",
    "Processor": "14 Gen Intel(R) core(TM) i5-14400 (2.5 Ghz)",
    "GPU": "128 MB Intel UHD Graphics 730",
    "RAM": "16 GB 4800 MHz",
    "HDD": "500 GB SSD",
    "Pen Tab": "N/A",
    "Serial No": "CDFA9899277",
    "HeadPhone": "Boat",
    "Remark": "System Up to Date",
    "serialNumber": "AEE1120PCK0125001327"
  },
  {
    "field1": "HR",
    "SR": "",
    "Employee Name": "Vaibhav Deshpande",
    "Role": "HR",
    "Sequence": "",
    "Seat No": "",
    "Monitor make": "DELL",
    "Monitor Serial No": "E2418MN",
    "Keyboard make": "Ant Esports (Wired)",
    "KB Serial No": "MK1000",
    "Mouse make": "HP (Wired)",
    "Mouse Serial No": "B1M270240700215",
    "UPS make": "Artis",
    "UPS Serial No": "VP092320347AR",
    "CPU Box": "Antec",
    "CPU Serial No": "BP450PASN193600565",
    "Processor": "9 Gen Intel(R) core(TM) i5-9400F (2.9 Ghz)",
    "GPU": "4 GB 1650 Geforce RTX",
    "RAM": "32 GB 2133 MHz",
    "HDD": "1.5  TB HDD",
    "Pen Tab": "N/A",
    "Serial No": "N/A",
    "HeadPhone": "N/A",
    "Remark": "System Up to Date",
    "serialNumber": "BP450PASN193600565"
  },
  {
    "field1": "",
    "SR": "",
    "Employee Name": "Makrand Nanaware",
    "Role": "content",
    "Sequence": "",
    "Seat No": "",
    "Monitor make": "LG",
    "Monitor Serial No": "401NTYTC2866",
    "Keyboard make": "HP (Wired)",
    "KB Serial No": "B2K320240600580",
    "Mouse make": "HP (Wired)",
    "Mouse Serial No": "B1M270240301005",
    "UPS make": "Artis",
    "UPS Serial No": "VP052423096AR",
    "CPU Box": "ANT Esports",
    "CPU Serial No": "AEE1120PCK1224000341",
    "Processor": "14 Gen Intel(R) core(TM) i5-14400 (2.5 Ghz)",
    "GPU": "128 MB Intel UHD Graphics 730",
    "RAM": "16 GB 4800 MHz",
    "HDD": "500 GB SSD",
    "Pen Tab": "N/A",
    "Serial No": "N/A",
    "HeadPhone": "N/A",
    "Remark": "System Up to Date",
    "serialNumber": "AEE1120PCK1224000341"
  },
  {
    "field1": "",
    "SR": "",
    "Employee Name": "Yash Patil",
    "Role": "Graphic",
    "Sequence": "",
    "Seat No": "",
    "Monitor make": "Zebroincs",
    "Monitor Serial No": "ZDP03KV00068",
    "Keyboard make": "HP (Wired)",
    "KB Serial No": "B2K320231000530",
    "Mouse make": "HP (Wired)",
    "Mouse Serial No": "B1M270240301033",
    "UPS make": "Artis",
    "UPS Serial No": "VPO08242005AR",
    "CPU Box": "ANT Esports",
    "CPU Serial No": "AEICE120APCB08230588",
    "Processor": "12 Gen Intel(R) core(TM) i5-12400F (2.5 Ghz)",
    "GPU": "4 GB 1650 Geforce RTX",
    "RAM": "32 GB 4800 MHz",
    "HDD": "1 TB SSD",
    "Pen Tab": "N/A",
    "Serial No": "GS430",
    "HeadPhone": "ComicByte",
    "Remark": "System Up to Date",
    "serialNumber": "AEICE120APCB08230588"
  },
  {
    "field1": "",
    "SR": "",
    "Employee Name": "Bhushan Patil",
    "Role": "Graphic",
    "Sequence": "",
    "Seat No": "",
    "Monitor make": "Acer",
    "Monitor Serial No": "MMTNHSS00144909B393001",
    "Keyboard make": "HP (Wired)",
    "KB Serial No": "B2K320231201878",
    "Mouse make": "HP (Wired)",
    "Mouse Serial No": "B1M270230900008",
    "UPS make": "Artis",
    "UPS Serial No": "VP040412055AR",
    "CPU Box": "ANT Esports",
    "CPU Serial No": "AEICE130APCB06231096",
    "Processor": "13 Gen Intel(R) core(TM) i5-13400F (2.5 Ghz)",
    "GPU": "4 GB 1650 Geforce RTX",
    "RAM": "32 GB",
    "HDD": "1 TB SSD",
    "Pen Tab": "N/A",
    "Serial No": "MKCP1349370",
    "HeadPhone": "Boat",
    "Remark": "System Up to Date",
    "serialNumber": "AEICE130APCB06231096"
  },
  {
    "field1": "",
    "SR": "",
    "Employee Name": "Amol Janjire",
    "Role": "Graphic",
    "Sequence": "",
    "Seat No": "",
    "Monitor make": "LG",
    "Monitor Serial No": "307NTQD5W452",
    "Keyboard make": "HP (Wired)",
    "KB Serial No": "G9K400F240102099",
    "Mouse make": "HP (Wired)",
    "Mouse Serial No": "B1M270240700711",
    "UPS make": "Artis",
    "UPS Serial No": "VPO12518168AR",
    "CPU Box": "ANT Esports",
    "CPU Serial No": "AEICE130APCB013240404",
    "Processor": "13 Gen Intel(R) core(TM) i5-13400F (2.5 Ghz)",
    "GPU": "4 GB 1650 Geforce RTX",
    "RAM": "32 GB",
    "HDD": "1 TB SSD",
    "Pen Tab": "N/A",
    "Serial No": "N/A",
    "HeadPhone": "Sony (Wired)",
    "Remark": "System Up to Date",
    "serialNumber": "AEICE130APCB013240404"
  },
  {
    "field1": "",
    "SR": "",
    "Employee Name": "Vinayak Gaikwad",
    "Role": "Graphic",
    "Sequence": "",
    "Seat No": "",
    "Monitor make": "Acer & Lenevo",
    "Monitor Serial No": "MMTJES1002340080CL3W01 & U533C6DD",
    "Keyboard make": "HP (Wired)",
    "KB Serial No": "B2K320231000566",
    "Mouse make": "EVOFOX (Wired)",
    "Mouse Serial No": "GM113",
    "UPS make": "Artis",
    "UPS Serial No": "VP03240883AR",
    "CPU Box": "ANT Esports",
    "CPU Serial No": "AEICE30APCB03240922",
    "Processor": "14 Gen Intel(R) core(TM) i5-14400F (2.5 Ghz)",
    "GPU": "4 GB 1650 Geforce RTX",
    "RAM": "32 GB",
    "HDD": "1 TB SSD",
    "Pen Tab": "N/A",
    "Serial No": "N/A",
    "HeadPhone": "Sony (Wired)",
    "Remark": "System Up to Date",
    "serialNumber": "AEICE30APCB03240922"
  },
  {
    "field1": "Block4",
    "SR": "",
    "Employee Name": "Ishan Upashan",
    "Role": "Content",
    "Sequence": "",
    "Seat No": "",
    "Monitor make": "Lenevo",
    "Monitor Serial No": "UPWOVCMC",
    "Keyboard make": "Ant Esports (Wired)",
    "KB Serial No": "MK1000",
    "Mouse make": "Zebronics (Wired)",
    "Mouse Serial No": "Transformer M DC-5V",
    "UPS make": "Artis",
    "UPS Serial No": "VPO12014684AR",
    "CPU Box": "ANT Esports",
    "CPU Serial No": "AEE1120PCK1224000775",
    "Processor": "14 Gen Intel(R) core(TM) i5-14400 (2.5 Ghz)",
    "GPU": "128 MB Intel UHD Graphics 730",
    "RAM": "",
    "HDD": "4 TB HDD & 500 SSD",
    "Pen Tab": "N/A",
    "Serial No": "CBB7306392",
    "HeadPhone": "Boat",
    "Remark": "System Up to Date",
    "serialNumber": "AEE1120PCK1224000775"
  },
  {
    "field1": "",
    "SR": "",
    "Employee Name": "Bushra Khan",
    "Role": "Content",
    "Sequence": "",
    "Seat No": "",
    "Monitor make": "DELL",
    "Monitor Serial No": "CN-07592Y",
    "Keyboard make": "HP (Wired)",
    "KB Serial No": "G9K400F240602014",
    "Mouse make": "HP (Wired)",
    "Mouse Serial No": "B1M2702402401167",
    "UPS make": "Artis",
    "UPS Serial No": "VO042412277AR",
    "CPU Box": "ANT Esports",
    "CPU Serial No": "AEICE120APC1308230867",
    "Processor": "12 Gen Intel(R) core(TM) i5-12400F (2.5 Ghz)",
    "GPU": "4 GB 1650 Geforce RTX",
    "RAM": "32 GB",
    "HDD": "1 TB SSD",
    "Pen Tab": "N/A",
    "Serial No": "MDR-XB-450",
    "HeadPhone": "Sony Black (Wired)",
    "Remark": "System Up to Date",
    "serialNumber": "AEICE120APC1308230867"
  },
  {
    "field1": "",
    "SR": "",
    "Employee Name": "Ganesh Gaikwad",
    "Role": "Graphic",
    "Sequence": "",
    "Seat No": "",
    "Monitor make": "DELL & LG",
    "Monitor Serial No": "CN-07592Y  & 402NTSUAY582",
    "Keyboard make": "HP (Wired)",
    "KB Serial No": "G9K400F24102095",
    "Mouse make": "HP (Wired)",
    "Mouse Serial No": "B1M270240301010",
    "UPS make": "Artis (2)",
    "UPS Serial No": "VP112412732AR & VP111916911AR",
    "CPU Box": "ANT Esports",
    "CPU Serial No": "AEICE130APCB05230213",
    "Processor": "12 Gen Intel(R) core(TM) i5-12400F (2.5 Ghz)",
    "GPU": "4 GB 1650 Geforce RTX",
    "RAM": "32 GB",
    "HDD": "1 TB SSD",
    "Pen Tab": "N/A",
    "Serial No": "MDR-XB-450",
    "HeadPhone": "Sony Black (Wired)",
    "Remark": "System Up to Date",
    "serialNumber": "AEICE130APCB05230213"
  },
  {
    "field1": "Block5",
    "SR": "",
    "Employee Name": "Tanmay Waghe",
    "Role": "Graphic",
    "Sequence": "",
    "Seat No": "",
    "Monitor make": "LG",
    "Monitor Serial No": "402NTDVAY586",
    "Keyboard make": "HP (Wired)",
    "KB Serial No": "B2K320220503056",
    "Mouse make": "HP (Wired)",
    "Mouse Serial No": "B1M270240301315",
    "UPS make": "Artis",
    "UPS Serial No": "VP032420795AR",
    "CPU Box": "ANT Esports",
    "CPU Serial No": "AEICE130APCB03241252",
    "Processor": "14 Gen Intel(R) core(TM) i5-14400F (2.5 Ghz)",
    "GPU": "4 GB 1650 Geforce RTX",
    "RAM": "32 GB 4800 MHz",
    "HDD": "1 TB SSD",
    "Pen Tab": "N/A",
    "Serial No": "N/A",
    "HeadPhone": "Sony (Wired)",
    "Remark": "System Up to Date",
    "serialNumber": "AEICE130APCB03241252"
  },
  {
    "field1": "",
    "SR": "",
    "Employee Name": "Trupti Mane",
    "Role": "Graphic",
    "Sequence": "",
    "Seat No": "",
    "Monitor make": "Acer",
    "Monitor Serial No": "MMTNHSS00143906E8130001",
    "Keyboard make": "HP (Wired)",
    "KB Serial No": "B2K320240600575",
    "Mouse make": "EVOFOX  (Wired)",
    "Mouse Serial No": "GM113",
    "UPS make": "Artis",
    "UPS Serial No": "VP112412729AR",
    "CPU Box": "ANT Esports",
    "CPU Serial No": "AEICE130APCB3241274",
    "Processor": "14 Gen Intel(R) core(TM) i5-14400F (2.5 Ghz)",
    "GPU": "4 GB 1650 Geforce RTX",
    "RAM": "32 4800 MHz",
    "HDD": "1 TB SSD",
    "Pen Tab": "N/A",
    "Serial No": "ZIP-500",
    "HeadPhone": "Infinity",
    "Remark": "",
    "serialNumber": "AEICE130APCB3241274"
  },
  {
    "field1": "",
    "SR": "",
    "Employee Name": "Suraj Ghube",
    "Role": "Graphic",
    "Sequence": "",
    "Seat No": "",
    "Monitor make": "LG & Acer",
    "Monitor Serial No": "401MTNX5M747 & MMTDNS100543004FCf4250",
    "Keyboard make": "HP (Wired)",
    "KB Serial No": "B2K320220502844",
    "Mouse make": "HP (Wired)",
    "Mouse Serial No": "B1M270240400785",
    "UPS make": "Zebronics",
    "UPS Serial No": "ZBJ01NT24883",
    "CPU Box": "ANT Esports",
    "CPU Serial No": "AEICE130APCB03240949",
    "Processor": "14 Gen Intel(R) core(TM) i5-14400F (2.5 Ghz)",
    "GPU": "4 GB 1650 Geforce RTX",
    "RAM": "32 GB 4800 MHz",
    "HDD": "1 TB SSD",
    "Pen Tab": "N/A",
    "Serial No": "MDR-XB-450",
    "HeadPhone": "Sony Black (Wired)",
    "Remark": "System Up to Date",
    "serialNumber": "AEICE130APCB03240949"
  },
  {
    "field1": "",
    "SR": "",
    "Employee Name": "Anmol Joyti",
    "Role": "content",
    "Sequence": "",
    "Seat No": "",
    "Monitor make": "DELL",
    "Monitor Serial No": "CN-07592Y",
    "Keyboard make": "Zebronics (Wired)",
    "KB Serial No": "ZAH16IV08134",
    "Mouse make": "HP (Wired)",
    "Mouse Serial No": "B1M270240701938",
    "UPS make": "Artis",
    "UPS Serial No": "VP032513950AR",
    "CPU Box": "ANT Esports",
    "CPU Serial No": "AEE1120PCK0125000886",
    "Processor": "14 Gen Intel(R) core(TM) i5-14400 (2.5 Ghz)",
    "GPU": "128 MB Intel UHD Graphics 730",
    "RAM": "16 GB 4800 MHz",
    "HDD": "500 GB SSD",
    "Pen Tab": "N/A",
    "Serial No": "GJ2P308799",
    "HeadPhone": "Boat",
    "Remark": "System Up to Date",
    "serialNumber": "AEE1120PCK0125000886"
  },
  {
    "field1": "",
    "SR": "",
    "Employee Name": "Pratiksha Nikam",
    "Role": "content",
    "Sequence": "",
    "Seat No": "",
    "Monitor make": "DELL",
    "Monitor Serial No": "CN-07592Y",
    "Keyboard make": "HP (Wired)",
    "KB Serial No": "B2K20240600571",
    "Mouse make": "HP (Wired)",
    "Mouse Serial No": "B1M270240500050",
    "UPS make": "Artis",
    "UPS Serial No": "Vp0125181165AR",
    "CPU Box": "ANT Esports",
    "CPU Serial No": "AEICE110PCK022403179",
    "Processor": "13 Gen Intel(R) core(TM) i5-13400 (2.5 Ghz)",
    "GPU": "128 MB Intel UHD Graphics 730",
    "RAM": "16 GB 4800 MHz",
    "HDD": "2 TB HDD & 250 GB SSD",
    "Pen Tab": "N/A",
    "Serial No": "N/A",
    "HeadPhone": "Sony (Wired)",
    "Remark": "System Up to Date",
    "serialNumber": "AEICE110PCK022403179"
  },
  {
    "field1": "",
    "SR": "",
    "Employee Name": "Sadiya Rehmant",
    "Role": "content",
    "Sequence": "",
    "Seat No": "",
    "Monitor make": "Acer",
    "Monitor Serial No": "MMTDNS005431020PA4250",
    "Keyboard make": "Zebronics (Wired)",
    "KB Serial No": "ZAH16IV08140",
    "Mouse make": "Zebronics (Wired)",
    "Mouse Serial No": "Transformer M DC-5V",
    "UPS make": "Artis",
    "UPS Serial No": "VP012518079AR",
    "CPU Box": "ANT Esports",
    "CPU Serial No": "AEE1120PCK125001303",
    "Processor": "14 Gen Intel(R) core(TM) i5-14400 (2.5 Ghz)",
    "GPU": "128 MB Intel UHD Graphics 730",
    "RAM": "16 GB 4800 MHz",
    "HDD": "500 GB SSD",
    "Pen Tab": "N/A",
    "Serial No": "N/A",
    "HeadPhone": "N/A",
    "Remark": "System Up to Date",
    "serialNumber": "AEE1120PCK125001303"
  },
  {
    "field1": "",
    "SR": "",
    "Employee Name": "Pooja Pandita",
    "Role": "content",
    "Sequence": "",
    "Seat No": "",
    "Monitor make": "LG",
    "Monitor Serial No": "401NtGYC2775",
    "Keyboard make": "Zebronics (Wired)",
    "KB Serial No": "ZAH16IV0133",
    "Mouse make": "Zebronics (Wired)",
    "Mouse Serial No": "Transformer M DC-5V",
    "UPS make": "Artis",
    "UPS Serial No": "VP02518077AR",
    "CPU Box": "ANT Esports",
    "CPU Serial No": "AEE1120PCK0125001357",
    "Processor": "14 Gen Intel(R) core(TM) i5-14400 (2.5 Ghz)",
    "GPU": "128 MB Intel UHD Graphics 730",
    "RAM": "16 GB 4800 MHz",
    "HDD": "500 GB SSD",
    "Pen Tab": "N/A",
    "Serial No": "N/A",
    "HeadPhone": "N/A",
    "Remark": "System Up to Date",
    "serialNumber": "AEE1120PCK0125001357"
  },
  {
    "field1": "Block6",
    "SR": "",
    "Employee Name": "Rohan Patil",
    "Role": "Graphic",
    "Sequence": "",
    "Seat No": "",
    "Monitor make": "Zebroincs",
    "Monitor Serial No": "ZBW16MV0036",
    "Keyboard make": "HP (Wired)",
    "KB Serial No": "B2K320240400132",
    "Mouse make": "Zebronics (Wired)",
    "Mouse Serial No": "Transformer M DC-5V",
    "UPS make": "Artis",
    "UPS Serial No": "VP112412731AR",
    "CPU Box": "ANT Esports",
    "CPU Serial No": "AEE1120PCK1224000714",
    "Processor": "14 Gen Intel(R) core(TM) i5-14400 (2.5 Ghz)",
    "GPU": "4 GB 1650 Geforce RTX",
    "RAM": "32 GB",
    "HDD": "1 TB HHD & 500 GB SSD",
    "Pen Tab": "N/A",
    "Serial No": "GS430",
    "HeadPhone": "ComicByte",
    "Remark": "System Up to Date",
    "serialNumber": "AEE1120PCK1224000714"
  },
  {
    "field1": "",
    "SR": "",
    "Employee Name": "Nikita Jadhav",
    "Role": "Graphic",
    "Sequence": "",
    "Seat No": "",
    "Monitor make": "Zebroincs",
    "Monitor Serial No": "ZBW16MV00162",
    "Keyboard make": "Zebronics (Wired)",
    "KB Serial No": "ZAh16IV08131",
    "Mouse make": "HP (Wired)",
    "Mouse Serial No": "B1M270231101662",
    "UPS make": "Artis",
    "UPS Serial No": "VP112411620AR",
    "CPU Box": "ANT Esports",
    "CPU Serial No": "AEICE130APCB05230062",
    "Processor": "12 Gen Intel(R) core(TM) i5-12400F (2.5 Ghz)",
    "GPU": "4 GB 1650 Geforce RTX",
    "RAM": "32 GB 2133 MHz",
    "HDD": "1 TB SSD",
    "Pen Tab": "N/A",
    "Serial No": "N/A",
    "HeadPhone": "Sony (Wired)",
    "Remark": "System Up to Date",
    "serialNumber": "AEICE130APCB05230062"
  },
  {
    "field1": "",
    "SR": "",
    "Employee Name": "Atharav",
    "Role": "MKT",
    "Sequence": "",
    "Seat No": "",
    "Monitor make": "LG",
    "Monitor Serial No": "312NTPC3V640",
    "Keyboard make": "Ant Esports (Wired)",
    "KB Serial No": "MK1000",
    "Mouse make": "HP (Wired)",
    "Mouse Serial No": "B1M27040301019",
    "UPS make": "Artis",
    "UPS Serial No": "VP122410823AR",
    "CPU Box": "ANT Esports",
    "CPU Serial No": "AWMUIPCK12240001247",
    "Processor": "14 Gen Intel(R) core(TM) i5-14400F (2.5 Ghz)",
    "GPU": "4 GB 1650 Geforce RTX",
    "RAM": "16 GB",
    "HDD": "1 TB HHD & 500 GB SSD",
    "Pen Tab": "N/A",
    "Serial No": "MDR-XB-450",
    "HeadPhone": "Sony Black (Wired)",
    "Remark": "System Up to Date",
    "serialNumber": "AWMUIPCK12240001247"
  },
  {
    "field1": "",
    "SR": "",
    "Employee Name": "Aishwarya Nair",
    "Role": "MKT",
    "Sequence": "",
    "Seat No": "",
    "Monitor make": "Acer",
    "Monitor Serial No": "MMTDNSI0054300502E4250",
    "Keyboard make": "HP (Wired)",
    "KB Serial No": "B2K320240600272",
    "Mouse make": "ANT Esports (GM90)",
    "Mouse Serial No": "ABGm90W0GMB0623",
    "UPS make": "Artis",
    "UPS Serial No": "VP122411294AR",
    "CPU Box": "ANT Esports",
    "CPU Serial No": "AEE1120PCK1224000743",
    "Processor": "14 Gen Intel(R) core(TM) i5-14400 (2.5 Ghz)",
    "GPU": "128 MB Intel UHD Graphics 730",
    "RAM": "16 GB 4800 MHz",
    "HDD": "500 GB SSD",
    "Pen Tab": "N/A",
    "Serial No": "N/A",
    "HeadPhone": "Sony (Wired)",
    "Remark": "System Up to Date",
    "serialNumber": "AEE1120PCK1224000743"
  },
  {
    "field1": "",
    "SR": "",
    "Employee Name": "Ankita Gaikwad",
    "Role": "Graphic",
    "Sequence": "",
    "Seat No": "",
    "Monitor make": "Acer",
    "Monitor Serial No": "MMTNHSS00144809BE3W01",
    "Keyboard make": "HP (Wired)",
    "KB Serial No": "G9K400F240102098",
    "Mouse make": "HP (Wired)",
    "Mouse Serial No": "B1M270240700689",
    "UPS make": "Artis",
    "UPS Serial No": "VP112412730AR",
    "CPU Box": "ANT Esports",
    "CPU Serial No": "AEE1120PCK1224000524",
    "Processor": "14 Gen Intel(R) core(TM) i5-14400F (2.5 Ghz)",
    "GPU": "4 GB 1650 Geforce RTX",
    "RAM": "16 GB 4800 MHz",
    "HDD": "1 TB HHD & 500 GB SSD",
    "Pen Tab": "N/A",
    "Serial No": "N/A",
    "HeadPhone": "Sony (Wired)",
    "Remark": "",
    "serialNumber": "AEE1120PCK1224000524"
  },
  {
    "field1": "",
    "SR": "",
    "Employee Name": "Nutan Kale",
    "Role": "Graphic",
    "Sequence": "",
    "Seat No": "",
    "Monitor make": "Zebroincs",
    "Monitor Serial No": "ZBW16VIV00604",
    "Keyboard make": "HP (Wired)",
    "KB Serial No": "B2K320240400134",
    "Mouse make": "HP (Wired) N",
    "Mouse Serial No": "7CN1481883",
    "UPS make": "Artis",
    "UPS Serial No": "VP062426147AR",
    "CPU Box": "ANT Esports",
    "CPU Serial No": "AEICE130APCB12230714",
    "Processor": "13 Gen Intel(R) core(TM) i5-13400F (2.5 Ghz)",
    "GPU": "4 GB 1650 Geforce RTX",
    "RAM": "32 GB 4800 MHz",
    "HDD": "1 TB SSD",
    "Pen Tab": "N/A",
    "Serial No": "N/A",
    "HeadPhone": "Sony (Wired)",
    "Remark": "System Up to Date",
    "serialNumber": "AEICE130APCB12230714"
  },
  {
    "field1": "",
    "SR": "",
    "Employee Name": "Jitesh Ambekar",
    "Role": "Graphic",
    "Sequence": "",
    "Seat No": "",
    "Monitor make": "Zebroincs",
    "Monitor Serial No": "ZBW16MV00467",
    "Keyboard make": "HP (Wired)",
    "KB Serial No": "B2K320231000526",
    "Mouse make": "ANT Esports (GM90)",
    "Mouse Serial No": "AEGM90W0GMB0623",
    "UPS make": "Artis",
    "UPS Serial No": "VP032420904AR",
    "CPU Box": "ANT Esports",
    "CPU Serial No": "AEICE120APCB08230572",
    "Processor": "12 Gen Intel(R) core(TM) i5-12400F (2.5 Ghz)",
    "GPU": "4 GB 1650 Geforce RTX",
    "RAM": "32 GB 4800 MHz",
    "HDD": "4HDD TB & 1 TB SSD",
    "Pen Tab": "N/A",
    "Serial No": "GS430",
    "HeadPhone": "ComicByte",
    "Remark": "System Up to Date",
    "serialNumber": "AEICE120APCB08230572"
  },
  {
    "field1": "",
    "SR": "",
    "Employee Name": "Aniket Jadhav",
    "Role": "Graphic",
    "Sequence": "",
    "Seat No": "",
    "Monitor make": "Zebroincs",
    "Monitor Serial No": "ZBW16MV00148",
    "Keyboard make": "HP (Wired)",
    "KB Serial No": "B2K320240400135",
    "Mouse make": "HP (Wired)",
    "Mouse Serial No": "B1M270240400783",
    "UPS make": "Artis",
    "UPS Serial No": "VP032420882AR",
    "CPU Box": "ANT Esports",
    "CPU Serial No": "BP450PASN194501278",
    "Processor": "9 Gen Intel(R) core(TM) i5-9400F (2.9 Ghz)",
    "GPU": "4 GB 1650 Geforce RTX",
    "RAM": "32 GB",
    "HDD": "1 TB SSD",
    "Pen Tab": "N/A",
    "Serial No": "N/A",
    "HeadPhone": "Sony (Wired)",
    "Remark": "System Up to Date",
    "serialNumber": "BP450PASN194501278"
  },
  {
    "field1": "",
    "SR": "",
    "Employee Name": "Swapnil Chavan",
    "Role": "Animation",
    "Sequence": "",
    "Seat No": "",
    "Monitor make": "MSI",
    "Monitor Serial No": "CE2MQ15200155",
    "Keyboard make": "Zebronics (Wired)",
    "KB Serial No": "ZAH16IV08139",
    "Mouse make": "EVOFOX  (Wired)",
    "Mouse Serial No": "GM113",
    "UPS make": "Artis",
    "UPS Serial No": "VP042412280AR",
    "CPU Box": "ANT Esports",
    "CPU Serial No": "AEE1120PCK0125001335",
    "Processor": "14 Gen Intel(R) core(TM) i5-14400 (2.5 Ghz)",
    "GPU": "128 MB Intel UHD Graphics 730",
    "RAM": "16",
    "HDD": "500 GB SSD",
    "Pen Tab": "N/A",
    "Serial No": "DNLJ768870",
    "HeadPhone": "Boat",
    "Remark": "System Up to Date",
    "serialNumber": "AEE1120PCK0125001335"
  },
  {
    "field1": "IT System & Networking",
    "SR": "",
    "Employee Name": "Rushikesh Jadhav",
    "Role": "IT",
    "Sequence": "",
    "Seat No": "",
    "Monitor make": "DELL",
    "Monitor Serial No": "E2418HN",
    "Keyboard make": "Ant Esports (Wired)",
    "KB Serial No": "AEMK1000TMBGKRS",
    "Mouse make": "DELL (Wired)",
    "Mouse Serial No": "N/A",
    "UPS make": "N/A",
    "UPS Serial No": "N/A",
    "CPU Box": "ANT Esports",
    "CPU Serial No": "AICE120APC802240038",
    "Processor": "13 Gen Intel(R) core(TM) i5-13400F (2.5 Ghz)",
    "GPU": "4 GB 1650 Geforce RTX",
    "RAM": "16 GB 4800 MHz",
    "HDD": "1 TB SSD",
    "Pen Tab": "N/A",
    "Serial No": "MDR-XB-450",
    "HeadPhone": "Sony (Wired)",
    "Remark": "System Up to Date",
    "serialNumber": "AICE120APC802240038"
  },
  {
    "field1": "",
    "SR": "",
    "Employee Name": "X (Unalloted)",
    "Role": "ELD",
    "Sequence": "",
    "Seat No": "",
    "Monitor make": "MSI",
    "Monitor Serial No": "CE2M015200137",
    "Keyboard make": "HP (Wired)",
    "KB Serial No": "B2K30240600572",
    "Mouse make": "N/A",
    "Mouse Serial No": "N/A",
    "UPS make": "Zebronics",
    "UPS Serial No": "ZBJ01NT24881",
    "CPU Box": "ANT Esports",
    "CPU Serial No": "AEE1120PCK0125001304",
    "Processor": "14 Gen Intel(R) core(TM) i5-14400 (2.5 Ghz)",
    "GPU": "2 GB Geforce RTX 3050",
    "RAM": "32 GB",
    "HDD": "1 TB HHD & 500 GB SSD",
    "Pen Tab": "N/A",
    "Serial No": "N/A",
    "HeadPhone": "N/A",
    "Remark": "System Up to Date",
    "serialNumber": "AEE1120PCK0125001304"
  },
  {
    "field1": "",
    "SR": "",
    "Employee Name": "",
    "Role": "",
    "Sequence": "",
    "Seat No": "",
    "Monitor make": "",
    "Monitor Serial No": "",
    "Keyboard make": "",
    "KB Serial No": "",
    "Mouse make": "",
    "Mouse Serial No": "",
    "UPS make": "",
    "UPS Serial No": "",
    "CPU Box": "",
    "CPU Serial No": "",
    "Processor": "",
    "GPU": "",
    "RAM": "",
    "HDD": "",
    "Pen Tab": "",
    "Serial No": "",
    "HeadPhone": "",
    "Remark": "",
    "serialNumber": "unknown_38"
  },
  {
    "field1": "",
    "SR": "",
    "Employee Name": "",
    "Role": "",
    "Sequence": "",
    "Seat No": "",
    "Monitor make": "",
    "Monitor Serial No": "",
    "Keyboard make": "",
    "KB Serial No": "",
    "Mouse make": "",
    "Mouse Serial No": "",
    "UPS make": "",
    "UPS Serial No": "",
    "CPU Box": "",
    "CPU Serial No": "",
    "Processor": "",
    "GPU": "",
    "RAM": "",
    "HDD": "",
    "Pen Tab": "",
    "Serial No": "",
    "HeadPhone": "",
    "Remark": "",
    "serialNumber": "unknown_39"
  },
  {
    "field1": "",
    "SR": "",
    "Employee Name": "",
    "Role": "",
    "Sequence": "",
    "Seat No": "",
    "Monitor make": "",
    "Monitor Serial No": "",
    "Keyboard make": "",
    "KB Serial No": "",
    "Mouse make": "",
    "Mouse Serial No": "",
    "UPS make": "",
    "UPS Serial No": "",
    "CPU Box": "",
    "CPU Serial No": "",
    "Processor": "",
    "GPU": "",
    "RAM": "",
    "HDD": "",
    "Pen Tab": "",
    "Serial No": "",
    "HeadPhone": "",
    "Remark": "",
    "serialNumber": "unknown_40"
  },
  {
    "field1": "",
    "SR": "",
    "Employee Name": "",
    "Role": "",
    "Sequence": "",
    "Seat No": "",
    "Monitor make": "",
    "Monitor Serial No": "",
    "Keyboard make": "",
    "KB Serial No": "",
    "Mouse make": "",
    "Mouse Serial No": "",
    "UPS make": "",
    "UPS Serial No": "",
    "CPU Box": "",
    "CPU Serial No": "",
    "Processor": "",
    "GPU": "",
    "RAM": "",
    "HDD": "",
    "Pen Tab": "",
    "Serial No": "",
    "HeadPhone": "",
    "Remark": "",
    "serialNumber": "unknown_41"
  }
]